<?xml version="1.0" encoding="ISO-8859-15" standalone="no"?><uc-export clientvers="12.0.0+low.build.10686">
<FolderStruct>
<includeExternalObjects>0</includeExternalObjects>
<FOLD name="PCK.AUTOMIC_CYBERARK_CONJUR" title="">
<VARA id="1334338" link="0" name="PCK.AUTOMIC_CYBERARK_CONJUR.PUB.VAR.METADATA"/>
<FOLD name="ACTIONS" title="">
<FOLD name="CONJUR" title="">
<JOBP id="1334347" link="1" name="PCK.AUTOMIC_CYBERARK_CONJUR.PUB.ACTION.RETRIEVE_SECRET"/>
</FOLD>
</FOLD>
<FOLD name="CONFIG" title="">
<VARA id="1334341" link="0" name="PCK.AUTOMIC_CYBERARK_CONJUR.PUB.PROMPT_EXTERNAL_MAP"/>
</FOLD>
<FOLD name="DOCUMENTATION" title="">
<DOCU id="1334342" link="0" name="PCK.AUTOMIC_CYBERARK_CONJUR.PUB.DOC"/>
<DOCU id="1334343" link="0" name="PCK.AUTOMIC_CYBERARK_CONJUR.PUB.LICENSES"/>
</FOLD>
<FOLD name="SOURCE" title="">
<FOLD name="RETRIEVE_SECRET" title="">
<JOBP id="1334347" link="0" name="PCK.AUTOMIC_CYBERARK_CONJUR.PUB.ACTION.RETRIEVE_SECRET"/>
<FOLD name="INTERNAL" title="">
<FOLD name="JOBS" title="">
<JOBS_UNIX id="1334357" link="0" name="PCK.AUTOMIC_CYBERARK_CONJUR.PUB.JOBS.RETRIEVE_SECRET"/>
</FOLD>
<FOLD name="PROMPTSETS" title="">
<PRPT id="1334358" link="0" name="PCK.AUTOMIC_CYBERARK_CONJUR.PRV.PROMPTSET.RETRIEVE_SECRET"/>
</FOLD>
</FOLD>
</FOLD>
<FOLD name="SHARED" title="">
<FOLD name="INCLUDES" title="">
<JOBI id="1334352" link="0" name="PCK.AUTOMIC_CYBERARK_CONJUR.PUB.INCLUDE.CHECK_JOBSTATUS@UNIX"/>
<JOBI id="1334353" link="0" name="PCK.AUTOMIC_CYBERARK_CONJUR.PUB.INCLUDE.DELETE_TMP_FILE"/>
<JOBI id="1334354" link="0" name="PCK.AUTOMIC_CYBERARK_CONJUR.PUB.INCLUDE.ESCAPE_ARG_VALUE@UNIX"/>
<JOBI id="1334355" link="0" name="PCK.AUTOMIC_CYBERARK_CONJUR.PUB.INCLUDE.HANDLE_CONJUR_CONNECTION"/>
</FOLD>
<FOLD name="PROMPTSETS" title="">
<PRPT id="1334356" link="0" name="PCK.AUTOMIC_CYBERARK_CONJUR.PUB.PRPT.CONJUR_CONN_DETAILS"/>
</FOLD>
</FOLD>
</FOLD>
</FOLD>
</FolderStruct>
<VARA OVD_VRName="FREI" data_type="STATIC" name="PCK.AUTOMIC_CYBERARK_CONJUR.PUB.VAR.METADATA" replacementmode="2">
<HEADER state="1">
<Title/>
<ArchiveKey1/>
<ArchiveKey2/>
<OH_SubType>STATIC</OH_SubType>
</HEADER>
<ATTR_VARA state="1">
<Type>C|Text</Type>
<lblSource>Static</lblSource>
<source>STATIC</source>
<VRName>FREI|Freely selected</VRName>
<NotFoundErr>0</NotFoundErr>
<NotFoundDef>1</NotFoundDef>
<ShareN>0</ShareN>
<ShareL>0</ShareL>
<ShareR>0</ShareR>
<MaxValue_C>1024</MaxValue_C>
<CheckMax_C>0</CheckMax_C>
<uppercase>0</uppercase>
<sortColumn>0</sortColumn>
<sortDirection>0</sortDirection>
</ATTR_VARA>
<VARA state="1">
<Variables>
<row Name="Categories" Value="CyberArk Conjur Integration" Value1="" Value2="" Value3="" Value4=""/>
<row Name="Company" Value="Automic Software GmbH" Value1="" Value2="" Value3="" Value4=""/>
<row Name="Dependencies" Value="PCK.ITPA_SHARED ~&gt; 1.1, PCK.AUTOMIC_FILESYSTEM ~&gt; 1.1" Value1="" Value2="" Value3="" Value4=""/>
<row Name="Description" Value="Provides integration with CyberArk Conjur" Value1="" Value2="" Value3="" Value4=""/>
<row Name="Homepage" Value="www.automic.com" Value1="" Value2="" Value3="" Value4=""/>
<row Name="License" Value="Automic License" Value1="" Value2="" Value3="" Value4=""/>
<row Name="Name" Value="PCK.AUTOMIC_CYBERARK_CONJUR" Value1="" Value2="" Value3="" Value4=""/>
<row Name="Package Format Version" Value="0.3.0" Value1="" Value2="" Value3="" Value4=""/>
<row Name="Restricted To Client" Value="" Value1="" Value2="" Value3="" Value4=""/>
<row Name="Title" Value="CyberArk Conjur" Value1="" Value2="" Value3="" Value4=""/>
<row Name="Type" Value="Action Pack" Value1="" Value2="" Value3="" Value4=""/>
<row Name="Version" Value="1.0.0" Value1="" Value2="" Value3="" Value4=""/>
<row Name="Build Number" Value="7393" Value1="" Value2="" Value3="" Value4=""/><row Name="Revision" Value="21508bf" Value1="" Value2="" Value3="" Value4=""/></Variables>
</VARA>
<DOCU_Docu state="1" type="text">
<DOC/>
</DOCU_Docu>
</VARA>
<VARA OVD_VRName="FREI" data_type="STATIC" name="PCK.AUTOMIC_CYBERARK_CONJUR.PUB.PROMPT_EXTERNAL_MAP" replacementmode="2">
<HEADER state="1">
<Title>External mapping for Agent/Login</Title>
<ArchiveKey1/>
<ArchiveKey2/>
<OH_SubType>STATIC</OH_SubType>
</HEADER>
<ATTR_VARA state="1">
<Type>C|Text</Type>
<lblSource>Static</lblSource>
<source>STATIC</source>
<VRName>FREI|Freely selected</VRName>
<NotFoundErr>0</NotFoundErr>
<NotFoundDef>1</NotFoundDef>
<ShareN>0</ShareN>
<ShareL>0</ShareL>
<ShareR>0</ShareR>
<MaxValue_C>1024</MaxValue_C>
<CheckMax_C>0</CheckMax_C>
<uppercase>0</uppercase>
<sortColumn>0</sortColumn>
<sortDirection>0</sortDirection>
</ATTR_VARA>
<VARA state="1">
<Variables>
<row Name="PCK.AUTOMIC_CYBERARK_CONJUR.PUB.ACTION.RETRIEVE_SECRET/AGENT#" Value="&amp;AGENT#" Value1="" Value2="" Value3="" Value4=""/>
<row Name="PCK.AUTOMIC_CYBERARK_CONJUR.PUB.ACTION.RETRIEVE_SECRET/LOGIN#" Value="&amp;LOGIN#" Value1="" Value2="" Value3="" Value4=""/>
</Variables>
</VARA>
<DOCU_Docu state="1" type="text">
<DOC/>
</DOCU_Docu>
</VARA>
<DOCU name="PCK.AUTOMIC_CYBERARK_CONJUR.PUB.DOC">
<HEADER state="1">
<Title>Package Documentation</Title>
<ArchiveKey1/>
<ArchiveKey2/>
<OH_SubType/>
</HEADER>
<DOCU_Docu state="1" type="text">
<DOC><![CDATA[About the Package
================================
CyberArk Conjur is an open source security service that integrates with popular tools to provide data encryption, identity management for humans and machines, and role-based access control for
sensitive secrets like passwords, SSH keys, and API keys. Conjur stores sensitive credentials as Secrets and it controls access to them via strictly defined roles and access rights. It can be
managed via open source CLI or REST API.

=Supported versions=
conjur-cli version 6.2.0
conjur version 5

=Setup=
* Action supports Unix agent only.
* Oracle JRE 1.7 must be installed on Agent OS and "java" must be set as executable on the same.
* Conjur command-line tool should be installed on Agent OS and must be set in the environment.
* The Agent should be able to access Conjur Service URL.

=Variables=
(none)

=Common Input=
-Conjur Url*: Provide URL of the Conjur service. E.g. conjur, http://eval.conjur.org/
-Account*: Provide organization account name which contains variable. E.g. db/password
-Username*: Provide the username for the conjur account. E.g. Admin
-Password*: Provide the password for the conjur account.

=Actions=
Following actions are supported.

* Action Name: PCK.AUTOMIC_CYBERARK_CONJUR.PUB.ACTION.RETRIEVE_SECRET
* Action Description: This action fetches the value of a secret from Conjur
]]></DOC>
</DOCU_Docu>
</DOCU>
<DOCU name="PCK.AUTOMIC_CYBERARK_CONJUR.PUB.LICENSES">
<HEADER state="1">
<Title/>
<ArchiveKey1/>
<ArchiveKey2/>
<OH_SubType/>
</HEADER>
<DOCU_Docu state="1" type="text">
<DOC/>
</DOCU_Docu>
</DOCU>
<JOBP AllowExternal="1" name="PCK.AUTOMIC_CYBERARK_CONJUR.PUB.ACTION.RETRIEVE_SECRET">
<XHEADER state="1">
<Title>Retrieve Secret</Title>
<ArchiveKey1/>
<ArchiveKey2/>
<Active>1</Active>
<OH_SubType/>
<CustomAttributes KeyListID="0" dataRequestID="0"/>
</XHEADER>
<SYNCREF state="1">
<Syncs/>
</SYNCREF>
<ATTR_JOBP state="1">
<Queue>CLIENT_QUEUE</Queue>
<ChildQueue/>
<StartType/>
<ExtRepDef>1</ExtRepDef>
<ExtRepAll>0</ExtRepAll>
<ExtRepNone>0</ExtRepNone>
<IntAccount/>
<AutoDeactNo>0</AutoDeactNo>
<AutoDeact1ErrorFree>0</AutoDeact1ErrorFree>
<AutoDeactErrorFree>1</AutoDeactErrorFree>
<DeactWhen>ANY_OK</DeactWhen>
<AutoDeactAlways>0</AutoDeactAlways>
<DeactDelay>0</DeactDelay>
<ActAtRun>1</ActAtRun>
<UC4Priority>0</UC4Priority>
<PassPriority>0</PassPriority>
<MaxParallel2>0</MaxParallel2>
<ReuseHG>1</ReuseHG>
<MpElse1>1</MpElse1>
<MpElse2>0</MpElse2>
<TZ/>
<RWhen/>
<RExecute/>
<JPA_SubType/>
</ATTR_JOBP>
<JOBP state="1">
<JobpStruct mode="design">
<task Alias="" BranchType="0" Col="1" Lnr="1" OType="&lt;START&gt;" Object="START" ParentAlias="" ParentObject="" Row="1" Text2="">
<checkpoint RollbackFlag="0" RunPerPatch="0" RunPerTarget="0" TcpADays="0" TcpATime="00:00" TcpATimeTZ="" TcpExecute="" TcpOn="0" promptatgen="0" showprompt="0"/>
<after ActFlg="1" AtimOn="0" ErlstStDays="0" ErlstStTime="00:00" ErlstStTimeTZ="" HoldFlg="0"/>
<when ChkWhenExec="0" LtstEnd="0" LtstEndDays="0" LtstEndTime="00:00" LtstSt="0" LtstStDays="0" LtstStTime="00:00" LtstTimeTZ="" WCTypeAND="1" WCTypeOR="0" WElseA="0" WElseH="0" WElseS="1" WElseX="0" WhenExecute="" WtimOn="0"/>
<preconditions>
<PreCon>
<conditions id="CONDITIONS"/>
</PreCon>
</preconditions>
<predecessors/>
<runtime MrtCancel="0" MrtDays="0" MrtErt="0" MrtExecute="0" MrtExecuteObj="" MrtFix="0" MrtMethodDate="0" MrtMethodErt="0" MrtMethodFix="0" MrtMethodNone="1" MrtOn="1" MrtTZ="" MrtTime="00:00" SrtErt="0" SrtFix="0" SrtMethodErt="0" SrtMethodFix="0" SrtMethodNone="1"/>
<result ChkRExec="0" RElseHalt="0" RElseIgn="0" RElseJPAbend="0" RExecFlag="0" RExecute="" RRepMTimes="0" RRepOn="0" RRepWait="0" RWhen=""/>
<dynvalues>
<dyntree>
<node content="1" id="PCK.AUTOMIC_CYBERARK_CONJUR.PUB.PRPT.CONJUR_CONN_DETAILS" name="PCK.AUTOMIC_CYBERARK_CONJUR.PUB.PRPT.CONJUR_CONN_DETAILS" parent="PPRPTS" type="PPROMPTSET">
<PROMPTSET name="PCK.AUTOMIC_CYBERARK_CONJUR.PUB.PRPT.CONJUR_CONN_DETAILS">
<PRPTBOX promptset="PCK.AUTOMIC_CYBERARK_CONJUR.PUB.PRPT.CONJUR_CONN_DETAILS">
<UC4RB_CONJUR_ACCOUNTs.00 ReadFromTable="OPSE" altview="0" haslist="0" msginsert="" msgnr="" promptname="UC4RB_CONJUR_ACCOUNT#" promptsetname="PCK.AUTOMIC_CYBERARK_CONJUR.PUB.PRPT.CONJUR_CONN_DETAILS"/>
<UC4RB_CONJUR_PASSWORDs.00 ReadFromTable="OPSE" altview="0" haslist="0" msginsert="" msgnr="" promptname="UC4RB_CONJUR_PASSWORD#" promptsetname="PCK.AUTOMIC_CYBERARK_CONJUR.PUB.PRPT.CONJUR_CONN_DETAILS">--10</UC4RB_CONJUR_PASSWORDs.00>
<UC4RB_CONJUR_URLs.00 ReadFromTable="OPSE" altview="0" haslist="0" msginsert="" msgnr="" promptname="UC4RB_CONJUR_URL#" promptsetname="PCK.AUTOMIC_CYBERARK_CONJUR.PUB.PRPT.CONJUR_CONN_DETAILS"/>
<UC4RB_CONJUR_USERNAMEs.00 ReadFromTable="OPSE" altview="0" haslist="0" msginsert="" msgnr="" promptname="UC4RB_CONJUR_USERNAME#" promptsetname="PCK.AUTOMIC_CYBERARK_CONJUR.PUB.PRPT.CONJUR_CONN_DETAILS"/>
</PRPTBOX>
</PROMPTSET>
</node>
<node content="1" id="PCK.AUTOMIC_CYBERARK_CONJUR.PRV.PROMPTSET.RETRIEVE_SECRET" name="PCK.AUTOMIC_CYBERARK_CONJUR.PRV.PROMPTSET.RETRIEVE_SECRET" parent="PPRPTS" type="PPROMPTSET">
<PROMPTSET name="PCK.AUTOMIC_CYBERARK_CONJUR.PRV.PROMPTSET.RETRIEVE_SECRET">
<PRPTBOX promptset="PCK.AUTOMIC_CYBERARK_CONJUR.PRV.PROMPTSET.RETRIEVE_SECRET">
<UC4RB_CONJUR_ENCRYPTs.00 ReadFromTable="OPSE" altview="0" haslist="0" msginsert="" msgnr="" promptname="UC4RB_CONJUR_ENCRYPT#" promptsetname="PCK.AUTOMIC_CYBERARK_CONJUR.PRV.PROMPTSET.RETRIEVE_SECRET">YES</UC4RB_CONJUR_ENCRYPTs.00>
<UC4RB_CONJUR_VARIABLEs.00 ReadFromTable="OPSE" altview="0" haslist="0" msginsert="" msgnr="" promptname="UC4RB_CONJUR_VARIABLE#" promptsetname="PCK.AUTOMIC_CYBERARK_CONJUR.PRV.PROMPTSET.RETRIEVE_SECRET"/>
<UC4RB_CONJUR_VERSIONs.00 ReadFromTable="OPSE" altview="0" haslist="0" msginsert="" msgnr="" promptname="UC4RB_CONJUR_VERSION#" promptsetname="PCK.AUTOMIC_CYBERARK_CONJUR.PRV.PROMPTSET.RETRIEVE_SECRET"/>
</PRPTBOX>
</PROMPTSET>
</node>
<node content="1" id="PCK.ITPA_SHARED.PRV.PROMPTSET.OVERWRITE_AGENT" name="PCK.ITPA_SHARED.PRV.PROMPTSET.OVERWRITE_AGENT" parent="PPRPTS" type="PPROMPTSET">
<PROMPTSET name="PCK.ITPA_SHARED.PRV.PROMPTSET.OVERWRITE_AGENT">
<PRPTBOX promptset="PCK.ITPA_SHARED.PRV.PROMPTSET.OVERWRITE_AGENT">
<AGENTs.00 ReadFromTable="OPUD" altview="1" haslist="0" msginsert="" msgnr="" promptname="AGENT#" promptsetname="PCK.ITPA_SHARED.PRV.PROMPTSET.OVERWRITE_AGENT">&amp;AGENT#</AGENTs.00>
<LOGINs.00 ReadFromTable="OPUD" altview="1" haslist="0" msginsert="" msgnr="" promptname="LOGIN#" promptsetname="PCK.ITPA_SHARED.PRV.PROMPTSET.OVERWRITE_AGENT">&amp;LOGIN#</LOGINs.00>
</PRPTBOX>
</PROMPTSET>
</node>
</dyntree>
</dynvalues>
<CIT/>
<calendars CCTypeAll="0" CCTypeExt="0" CCTypeNone="0" CCTypeOne="1" CaleOn="0"/>
<postconditions>
<PostCon>
<conditions id="CONDITIONS"/>
</PostCon>
</postconditions>
</task>
<task Alias="RETRIEVE_SECRET" BranchType="0" Col="2" Lnr="2" OType="JOBS" Object="PCK.AUTOMIC_CYBERARK_CONJUR.PUB.JOBS.RETRIEVE_SECRET" ParentAlias="" ParentObject="" Row="1" Text2="">
<checkpoint RollbackFlag="1" RunPerPatch="0" RunPerTarget="0" TcpADays="0" TcpATime="00:00" TcpATimeTZ="" TcpExecute="" TcpOn="0" promptatgen="0" showprompt="0"/>
<after ActFlg="1" AtimOn="0" ErlstStDays="0" ErlstStTime="00:00" ErlstStTimeTZ="" HoldFlg="0"/>
<when ChkWhenExec="0" LtstEnd="0" LtstEndDays="0" LtstEndTime="00:00" LtstSt="0" LtstStDays="0" LtstStTime="00:00" LtstTimeTZ="" WCTypeAND="1" WCTypeOR="0" WElseA="1" WElseH="0" WElseS="0" WElseX="0" WhenExecute="" WtimOn="0"/>
<preconditions>
<PreCon>
<conditions id="CONDITIONS"/>
</PreCon>
</preconditions>
<predecessors>
<pre BranchType="0" Lnr="1" PreLnr="1" When="ANY_OK" type="container"/>
</predecessors>
<runtime MrtCancel="0" MrtDays="0" MrtErt="0" MrtExecute="0" MrtExecuteObj="" MrtFix="0" MrtMethodDate="0" MrtMethodErt="0" MrtMethodFix="0" MrtMethodNone="1" MrtOn="1" MrtTZ="" MrtTime="00:00" SrtErt="0" SrtFix="0" SrtMethodErt="0" SrtMethodFix="0" SrtMethodNone="1"/>
<result ChkRExec="0" RElseHalt="0" RElseIgn="0" RElseJPAbend="0" RExecFlag="0" RExecute="" RRepMTimes="0" RRepOn="0" RRepWait="0" RWhen=""/>
<dynvalues>
<dyntree>
<node content="1" id="VALUE" name="Variables" parent="" type="TASKVALUE">
<VALUE state="2">
<Values/>
<Mode>0</Mode>
</VALUE>
</node>
<node content="1" id="PVALUE" name="Parent Variables" parent="" type="TASKVALUE">
<VALUE state="2">
<Values>
<row ERTUsage="0" Mod="0" Name="&amp;UC4RB_CONJUR_SECRET#" Value=""/>
</Values>
<Mode>1</Mode>
</VALUE>
</node>
<node content="1" id="PRPTS" name="PromptSets" parent="" pref="1" type="PROMPTSET"/>
<node content="0" id="PPRPTS" name="Parent PromptSets" parent="" type="PPROMPTSET"/>
<node content="1" id="PCK.AUTOMIC_CYBERARK_CONJUR.PUB.PRPT.CONJUR_CONN_DETAILS" name="PCK.AUTOMIC_CYBERARK_CONJUR.PUB.PRPT.CONJUR_CONN_DETAILS" parent="PPRPTS" type="PPROMPTSET">
<PROMPTSET name="PCK.AUTOMIC_CYBERARK_CONJUR.PUB.PRPT.CONJUR_CONN_DETAILS">
<PRPTBOX promptset="PCK.AUTOMIC_CYBERARK_CONJUR.PUB.PRPT.CONJUR_CONN_DETAILS">
<UC4RB_CONJUR_ACCOUNTs.00 ReadFromTable="OPSE" altview="0" haslist="0" msginsert="" msgnr="" promptname="UC4RB_CONJUR_ACCOUNT#" promptsetname="PCK.AUTOMIC_CYBERARK_CONJUR.PUB.PRPT.CONJUR_CONN_DETAILS"/>
<UC4RB_CONJUR_PASSWORDs.00 ReadFromTable="OPSE" altview="0" haslist="0" msginsert="" msgnr="" promptname="UC4RB_CONJUR_PASSWORD#" promptsetname="PCK.AUTOMIC_CYBERARK_CONJUR.PUB.PRPT.CONJUR_CONN_DETAILS">--10</UC4RB_CONJUR_PASSWORDs.00>
<UC4RB_CONJUR_URLs.00 ReadFromTable="OPSE" altview="0" haslist="0" msginsert="" msgnr="" promptname="UC4RB_CONJUR_URL#" promptsetname="PCK.AUTOMIC_CYBERARK_CONJUR.PUB.PRPT.CONJUR_CONN_DETAILS"/>
<UC4RB_CONJUR_USERNAMEs.00 ReadFromTable="OPSE" altview="0" haslist="0" msginsert="" msgnr="" promptname="UC4RB_CONJUR_USERNAME#" promptsetname="PCK.AUTOMIC_CYBERARK_CONJUR.PUB.PRPT.CONJUR_CONN_DETAILS"/>
</PRPTBOX>
</PROMPTSET>
</node>
<node content="1" id="PCK.AUTOMIC_CYBERARK_CONJUR.PRV.PROMPTSET.RETRIEVE_SECRET" name="PCK.AUTOMIC_CYBERARK_CONJUR.PRV.PROMPTSET.RETRIEVE_SECRET" parent="PPRPTS" type="PPROMPTSET">
<PROMPTSET name="PCK.AUTOMIC_CYBERARK_CONJUR.PRV.PROMPTSET.RETRIEVE_SECRET">
<PRPTBOX promptset="PCK.AUTOMIC_CYBERARK_CONJUR.PRV.PROMPTSET.RETRIEVE_SECRET">
<UC4RB_CONJUR_ENCRYPTs.00 ReadFromTable="OPSE" altview="0" haslist="0" msginsert="" msgnr="" promptname="UC4RB_CONJUR_ENCRYPT#" promptsetname="PCK.AUTOMIC_CYBERARK_CONJUR.PRV.PROMPTSET.RETRIEVE_SECRET">YES</UC4RB_CONJUR_ENCRYPTs.00>
<UC4RB_CONJUR_VARIABLEs.00 ReadFromTable="OPSE" altview="0" haslist="0" msginsert="" msgnr="" promptname="UC4RB_CONJUR_VARIABLE#" promptsetname="PCK.AUTOMIC_CYBERARK_CONJUR.PRV.PROMPTSET.RETRIEVE_SECRET"/>
<UC4RB_CONJUR_VERSIONs.00 ReadFromTable="OPSE" altview="0" haslist="0" msginsert="" msgnr="" promptname="UC4RB_CONJUR_VERSION#" promptsetname="PCK.AUTOMIC_CYBERARK_CONJUR.PRV.PROMPTSET.RETRIEVE_SECRET"/>
</PRPTBOX>
</PROMPTSET>
</node>
<node content="1" id="PCK.ITPA_SHARED.PRV.PROMPTSET.OVERWRITE_AGENT" name="PCK.ITPA_SHARED.PRV.PROMPTSET.OVERWRITE_AGENT" parent="PPRPTS" type="PPROMPTSET">
<PROMPTSET name="PCK.ITPA_SHARED.PRV.PROMPTSET.OVERWRITE_AGENT">
<PRPTBOX promptset="PCK.ITPA_SHARED.PRV.PROMPTSET.OVERWRITE_AGENT">
<AGENTs.00 ReadFromTable="OPUD" altview="1" haslist="0" msginsert="" msgnr="" promptname="AGENT#" promptsetname="PCK.ITPA_SHARED.PRV.PROMPTSET.OVERWRITE_AGENT">&amp;AGENT#</AGENTs.00>
<LOGINs.00 ReadFromTable="OPUD" altview="1" haslist="0" msginsert="" msgnr="" promptname="LOGIN#" promptsetname="PCK.ITPA_SHARED.PRV.PROMPTSET.OVERWRITE_AGENT">&amp;LOGIN#</LOGINs.00>
</PRPTBOX>
</PROMPTSET>
</node>
</dyntree>
</dynvalues>
<CIT/>
<calendars CCTypeAll="0" CCTypeExt="0" CCTypeNone="0" CCTypeOne="1" CaleOn="0"/>
<postconditions>
<PostCon>
<conditions id="CONDITIONS"/>
</PostCon>
</postconditions>
</task>
<task Alias="" BranchType="0" Col="3" Lnr="3" OType="&lt;END&gt;" Object="END" ParentAlias="" ParentObject="" Row="1" Text2="">
<checkpoint RollbackFlag="0" RunPerPatch="0" RunPerTarget="0" TcpADays="0" TcpATime="00:00" TcpATimeTZ="" TcpExecute="" TcpOn="0" promptatgen="0" showprompt="0"/>
<after ActFlg="1" AtimOn="0" ErlstStDays="0" ErlstStTime="00:00" ErlstStTimeTZ="" HoldFlg="0"/>
<when ChkWhenExec="0" LtstEnd="0" LtstEndDays="0" LtstEndTime="00:00" LtstSt="0" LtstStDays="0" LtstStTime="00:00" LtstTimeTZ="" WCTypeAND="1" WCTypeOR="0" WElseA="1" WElseH="0" WElseS="0" WElseX="0" WhenExecute="" WtimOn="0"/>
<preconditions>
<PreCon>
<conditions id="CONDITIONS"/>
</PreCon>
</preconditions>
<predecessors>
<pre BranchType="0" Lnr="1" PreLnr="2" When="ANY_OK" type="container"/>
</predecessors>
<runtime MrtCancel="0" MrtDays="0" MrtErt="0" MrtExecute="0" MrtExecuteObj="" MrtFix="0" MrtMethodDate="0" MrtMethodErt="0" MrtMethodFix="0" MrtMethodNone="1" MrtOn="1" MrtTZ="" MrtTime="00:00" SrtErt="0" SrtFix="0" SrtMethodErt="0" SrtMethodFix="0" SrtMethodNone="1"/>
<result ChkRExec="0" RElseHalt="0" RElseIgn="0" RElseJPAbend="0" RExecFlag="0" RExecute="" RRepMTimes="0" RRepOn="0" RRepWait="0" RWhen=""/>
<dynvalues>
<dyntree>
<node content="1" id="PCK.AUTOMIC_CYBERARK_CONJUR.PUB.PRPT.CONJUR_CONN_DETAILS" name="PCK.AUTOMIC_CYBERARK_CONJUR.PUB.PRPT.CONJUR_CONN_DETAILS" parent="PPRPTS" type="PPROMPTSET">
<PROMPTSET name="PCK.AUTOMIC_CYBERARK_CONJUR.PUB.PRPT.CONJUR_CONN_DETAILS">
<PRPTBOX promptset="PCK.AUTOMIC_CYBERARK_CONJUR.PUB.PRPT.CONJUR_CONN_DETAILS">
<UC4RB_CONJUR_ACCOUNTs.00 ReadFromTable="OPSE" altview="0" haslist="0" msginsert="" msgnr="" promptname="UC4RB_CONJUR_ACCOUNT#" promptsetname="PCK.AUTOMIC_CYBERARK_CONJUR.PUB.PRPT.CONJUR_CONN_DETAILS"/>
<UC4RB_CONJUR_PASSWORDs.00 ReadFromTable="OPSE" altview="0" haslist="0" msginsert="" msgnr="" promptname="UC4RB_CONJUR_PASSWORD#" promptsetname="PCK.AUTOMIC_CYBERARK_CONJUR.PUB.PRPT.CONJUR_CONN_DETAILS">--10</UC4RB_CONJUR_PASSWORDs.00>
<UC4RB_CONJUR_URLs.00 ReadFromTable="OPSE" altview="0" haslist="0" msginsert="" msgnr="" promptname="UC4RB_CONJUR_URL#" promptsetname="PCK.AUTOMIC_CYBERARK_CONJUR.PUB.PRPT.CONJUR_CONN_DETAILS"/>
<UC4RB_CONJUR_USERNAMEs.00 ReadFromTable="OPSE" altview="0" haslist="0" msginsert="" msgnr="" promptname="UC4RB_CONJUR_USERNAME#" promptsetname="PCK.AUTOMIC_CYBERARK_CONJUR.PUB.PRPT.CONJUR_CONN_DETAILS"/>
</PRPTBOX>
</PROMPTSET>
</node>
<node content="1" id="PCK.AUTOMIC_CYBERARK_CONJUR.PRV.PROMPTSET.RETRIEVE_SECRET" name="PCK.AUTOMIC_CYBERARK_CONJUR.PRV.PROMPTSET.RETRIEVE_SECRET" parent="PPRPTS" type="PPROMPTSET">
<PROMPTSET name="PCK.AUTOMIC_CYBERARK_CONJUR.PRV.PROMPTSET.RETRIEVE_SECRET">
<PRPTBOX promptset="PCK.AUTOMIC_CYBERARK_CONJUR.PRV.PROMPTSET.RETRIEVE_SECRET">
<UC4RB_CONJUR_ENCRYPTs.00 ReadFromTable="OPSE" altview="0" haslist="0" msginsert="" msgnr="" promptname="UC4RB_CONJUR_ENCRYPT#" promptsetname="PCK.AUTOMIC_CYBERARK_CONJUR.PRV.PROMPTSET.RETRIEVE_SECRET">YES</UC4RB_CONJUR_ENCRYPTs.00>
<UC4RB_CONJUR_VARIABLEs.00 ReadFromTable="OPSE" altview="0" haslist="0" msginsert="" msgnr="" promptname="UC4RB_CONJUR_VARIABLE#" promptsetname="PCK.AUTOMIC_CYBERARK_CONJUR.PRV.PROMPTSET.RETRIEVE_SECRET"/>
<UC4RB_CONJUR_VERSIONs.00 ReadFromTable="OPSE" altview="0" haslist="0" msginsert="" msgnr="" promptname="UC4RB_CONJUR_VERSION#" promptsetname="PCK.AUTOMIC_CYBERARK_CONJUR.PRV.PROMPTSET.RETRIEVE_SECRET"/>
</PRPTBOX>
</PROMPTSET>
</node>
<node content="1" id="PCK.ITPA_SHARED.PRV.PROMPTSET.OVERWRITE_AGENT" name="PCK.ITPA_SHARED.PRV.PROMPTSET.OVERWRITE_AGENT" parent="PPRPTS" type="PPROMPTSET">
<PROMPTSET name="PCK.ITPA_SHARED.PRV.PROMPTSET.OVERWRITE_AGENT">
<PRPTBOX promptset="PCK.ITPA_SHARED.PRV.PROMPTSET.OVERWRITE_AGENT">
<AGENTs.00 ReadFromTable="OPUD" altview="1" haslist="0" msginsert="" msgnr="" promptname="AGENT#" promptsetname="PCK.ITPA_SHARED.PRV.PROMPTSET.OVERWRITE_AGENT">&amp;AGENT#</AGENTs.00>
<LOGINs.00 ReadFromTable="OPUD" altview="1" haslist="0" msginsert="" msgnr="" promptname="LOGIN#" promptsetname="PCK.ITPA_SHARED.PRV.PROMPTSET.OVERWRITE_AGENT">&amp;LOGIN#</LOGINs.00>
</PRPTBOX>
</PROMPTSET>
</node>
</dyntree>
</dynvalues>
<CIT/>
<calendars CCTypeAll="0" CCTypeExt="0" CCTypeNone="0" CCTypeOne="1" CaleOn="0"/>
<postconditions>
<PostCon>
<conditions id="CONDITIONS"/>
</PostCon>
</postconditions>
</task>
<OPTIONS/>
</JobpStruct>
</JOBP>
<RUNTIME state="1">
<MaxRetCode>0</MaxRetCode>
<MrcExecute/>
<MrcElseE>0</MrcElseE>
<FcstStatus>0| |</FcstStatus>
<Ert>0</Ert>
<ErtMethodDef>1</ErtMethodDef>
<ErtMethodFix>0</ErtMethodFix>
<ErtFix>0</ErtFix>
<ErtDynMethod>2|Average</ErtDynMethod>
<ErtMethodDyn>0</ErtMethodDyn>
<ErtCnt>0</ErtCnt>
<ErtCorr>0</ErtCorr>
<ErtIgn>0</ErtIgn>
<ErtIgnFlg>0</ErtIgnFlg>
<ErtMinCnt>0</ErtMinCnt>
<MrtMethodNone>1</MrtMethodNone>
<MrtMethodFix>0</MrtMethodFix>
<MrtFix>0</MrtFix>
<MrtMethodErt>0</MrtMethodErt>
<MrtErt>0</MrtErt>
<MrtMethodDate>0</MrtMethodDate>
<MrtDays>0</MrtDays>
<MrtTime>00:00</MrtTime>
<MrtTZ/>
<SrtMethodNone>1</SrtMethodNone>
<SrtMethodFix>0</SrtMethodFix>
<SrtFix>0</SrtFix>
<SrtMethodErt>0</SrtMethodErt>
<SrtErt>0</SrtErt>
<MrtCancel>0</MrtCancel>
<MrtExecute>0</MrtExecute>
<MrtExecuteObj/>
</RUNTIME>
<DYNVALUES state="1">
<dyntree>
<node content="1" id="VALUE" name="Variables" parent="" type="VALUE">
<VALUE state="1">
<Values>
<row ERTUsage="0" Name="&amp;UC4RB_CONJUR_SECRET#" Value=""/>
</Values>
<Mode>1</Mode>
</VALUE>
</node>
<node content="1" id="PCK.AUTOMIC_CYBERARK_CONJUR.PUB.PRPT.CONJUR_CONN_DETAILS" name="PCK.AUTOMIC_CYBERARK_CONJUR.PUB.PRPT.CONJUR_CONN_DETAILS" parent="PRPTS" type="PROMPTSET">
<PROMPTSET name="PCK.AUTOMIC_CYBERARK_CONJUR.PUB.PRPT.CONJUR_CONN_DETAILS" ontop="1">
<PRPTBOX promptset="PCK.AUTOMIC_CYBERARK_CONJUR.PUB.PRPT.CONJUR_CONN_DETAILS" prptmode="1"/>
</PROMPTSET>
</node>
<node content="1" id="PCK.AUTOMIC_CYBERARK_CONJUR.PRV.PROMPTSET.RETRIEVE_SECRET" name="PCK.AUTOMIC_CYBERARK_CONJUR.PRV.PROMPTSET.RETRIEVE_SECRET" parent="PRPTS" type="PROMPTSET">
<PROMPTSET name="PCK.AUTOMIC_CYBERARK_CONJUR.PRV.PROMPTSET.RETRIEVE_SECRET" ontop="1">
<PRPTBOX promptset="PCK.AUTOMIC_CYBERARK_CONJUR.PRV.PROMPTSET.RETRIEVE_SECRET" prptmode="1"/>
</PROMPTSET>
</node>
<node content="1" id="PCK.ITPA_SHARED.PRV.PROMPTSET.OVERWRITE_AGENT" name="PCK.ITPA_SHARED.PRV.PROMPTSET.OVERWRITE_AGENT" parent="PRPTS" type="PROMPTSET">
<PROMPTSET name="PCK.ITPA_SHARED.PRV.PROMPTSET.OVERWRITE_AGENT" ontop="1">
<PRPTBOX promptset="PCK.ITPA_SHARED.PRV.PROMPTSET.OVERWRITE_AGENT" prptmode="1">
<AGENTs.00 altview="1" haslist="0">&amp;AGENT#</AGENTs.00>
<LOGINs.00 altview="1" haslist="0">&amp;LOGIN#</LOGINs.00>
</PRPTBOX>
</PROMPTSET>
</node>
</dyntree>
</DYNVALUES>
<DEPLOYMENT state="1">
<DeploymentFlag>0</DeploymentFlag>
<WFTypeA>1</WFTypeA>
<WFTypeC>0</WFTypeC>
<AppName/>
<WFName/>
<ComponentName/>
</DEPLOYMENT>
<ROLLBACK state="1">
<RollbackFlag>0</RollbackFlag>
<CBackupObj/>
<CRollbackObj/>
<FBackupPath/>
<FDeleteBefore>0</FDeleteBefore>
<FInclSubDirs>0</FInclSubDirs>
</ROLLBACK>
<SCRIPT mode="1" state="1">
<MSCRI/>
</SCRIPT>
<DOCU_Docu state="1" type="text">
<DOC><![CDATA[= Action name =
PCK.AUTOMIC_CYBERARK_CONJUR.PUB.ACTION.RETRIEVE_SECRET

= General description =
This action fetches the value of a secret from Conjur

= Failure Conditions =
* If the specified Variable version is not available in the system.
* If the invalid variable name is provided.
* If connection parameters are not correct.

= Inputs =
* Variable Id*:			 Provide identifier of the variable which holds the secret. E.g. db/password
* Version:			 Specify secret version you want to retrieve. Conjur keeps the last 20 versions of a secret. The latest version is retrieved by default. E.g. 2
* Encrypt: 			 Specify whether if retrieved secret should be kept as clear text or should be encrypted in CDA for its security. E.g. Yes

= Behavior =
* If no version is specified, action fetches the current value of the secret.

=Return Value=
&UC4RB_CONJUR_SECRET#: Conjur Secret Value

= Outputs =
* Return code is 0 in case of success.
* Return code is non-zero in case of failure.

= Rollback =
(none)

= Logging =
AE logs will be displayed in the AE report.

= Example =
Variable: db/password
Version: 2
Encrypt: No
]]></DOC>
</DOCU_Docu>
</JOBP>
<JOBS_UNIX AttrType="UNIX" name="PCK.AUTOMIC_CYBERARK_CONJUR.PUB.JOBS.RETRIEVE_SECRET">
<XHEADER state="1">
<Title>Retrieve Secret</Title>
<ArchiveKey1/>
<ArchiveKey2/>
<Active>1</Active>
<OH_SubType/>
<CustomAttributes KeyListID="0" dataRequestID="0"/>
</XHEADER>
<OUTPUTREG state="1">
<FileReg/>
</OUTPUTREG>
<SYNCREF state="1">
<Syncs/>
</SYNCREF>
<ATTR_JOBS state="1">
<Queue>CLIENT_QUEUE</Queue>
<StartType/>
<HostDst>|&lt;UNIX&gt;|HOST</HostDst>
<HostATTR_Type>UNIX</HostATTR_Type>
<CodeName/>
<Login/>
<IntAccount/>
<ExtRepDef>1</ExtRepDef>
<ExtRepAll>0</ExtRepAll>
<ExtRepNone>0</ExtRepNone>
<AutoDeactNo>0</AutoDeactNo>
<AutoDeact1ErrorFree>0</AutoDeact1ErrorFree>
<AutoDeactErrorFree>1</AutoDeactErrorFree>
<DeactWhen>ANY_OK</DeactWhen>
<DeactDelay>0</DeactDelay>
<AutoDeactAlways>0</AutoDeactAlways>
<AttDialog>0</AttDialog>
<ActAtRun>0</ActAtRun>
<Consumption>0</Consumption>
<UC4Priority>0</UC4Priority>
<MaxParallel2>0</MaxParallel2>
<MpElse1>1</MpElse1>
<MpElse2>0</MpElse2>
<TZ/>
</ATTR_JOBS>
<ATTR_UNIX state="1">
<OutputDb>1</OutputDb>
<OutputDbErr>0</OutputDbErr>
<OutputFile>0</OutputFile>
<ShellScript>1</ShellScript>
<Command>0</Command>
<Priority>0</Priority>
<Shell>-bash</Shell>
<ShellOptions/>
<Com/>
</ATTR_UNIX>
<RUNTIME state="1">
<MaxRetCode>0</MaxRetCode>
<MrcExecute/>
<MrcElseE>0</MrcElseE>
<FcstStatus>0| |</FcstStatus>
<Ert>0</Ert>
<ErtMethodDef>1</ErtMethodDef>
<ErtMethodFix>0</ErtMethodFix>
<ErtFix>0</ErtFix>
<ErtDynMethod>2|Average</ErtDynMethod>
<ErtMethodDyn>0</ErtMethodDyn>
<ErtCnt>0</ErtCnt>
<ErtCorr>0</ErtCorr>
<ErtIgn>0</ErtIgn>
<ErtIgnFlg>0</ErtIgnFlg>
<ErtMinCnt>0</ErtMinCnt>
<MrtMethodNone>1</MrtMethodNone>
<MrtMethodFix>0</MrtMethodFix>
<MrtFix>0</MrtFix>
<MrtMethodErt>0</MrtMethodErt>
<MrtErt>0</MrtErt>
<MrtMethodDate>0</MrtMethodDate>
<MrtDays>0</MrtDays>
<MrtTime>00:00</MrtTime>
<MrtTZ/>
<SrtMethodNone>1</SrtMethodNone>
<SrtMethodFix>0</SrtMethodFix>
<SrtFix>0</SrtFix>
<SrtMethodErt>0</SrtMethodErt>
<SrtErt>0</SrtErt>
<MrtCancel>0</MrtCancel>
<MrtExecute>0</MrtExecute>
<MrtExecuteObj/>
</RUNTIME>
<DYNVALUES state="1">
<dyntree>
<node content="1" id="VALUE" name="Variables" parent="" type="VALUE">
<VALUE state="1">
<Values/>
<Mode>0</Mode>
</VALUE>
</node>
</dyntree>
</DYNVALUES>
<ROLLBACK state="1">
<RollbackFlag>0</RollbackFlag>
<CBackupObj/>
<CRollbackObj/>
<FBackupPath/>
<FDeleteBefore>0</FDeleteBefore>
<FInclSubDirs>0</FInclSubDirs>
</ROLLBACK>
<PRE_SCRIPT mode="1" replacementmode="1" state="1">
<PSCRI><![CDATA[:INCLUDE PCK.ITPA_SHARED.PRV.INCLUDE.PREPARE_JOB]]></PSCRI>
</PRE_SCRIPT>
<SCRIPT mode="1" state="1">
<MSCRI><![CDATA[: DEFINE &STRING_ARR#, string, 30
: INC PCK.ITPA_SHARED.PUB.INCLUDE.SUDOERS_HEADER

!----------------------------------------------- Parameter validation ---------------------------------------------------------------------------------------------
: INC PCK.ITPA_SHARED.PRV.INCLUDE.LOGGING.HEADER.EXECUTION

: SET &UC4RB_LOGGING_PARAMETER# = "URL "
: SET &UC4RB_LOGGING_PARAMETER_VAL# = &UC4RB_CONJUR_URL#
: INC PCK.ITPA_SHARED.PRV.INCLUDE.LOGGING.PARAM

: SET &UC4RB_LOGGING_PARAMETER# = "Username "
: SET &UC4RB_LOGGING_PARAMETER_VAL# = &UC4RB_CONJUR_USERNAME#
: INC PCK.ITPA_SHARED.PRV.INCLUDE.LOGGING.PARAM

: SET &UC4RB_LOGGING_PARAMETER# = "Account "
: SET &UC4RB_LOGGING_PARAMETER_VAL# = &UC4RB_CONJUR_ACCOUNT#
: INC PCK.ITPA_SHARED.PRV.INCLUDE.LOGGING.PARAM

: SET &UC4RB_LOGGING_PARAMETER# = "Variable "
: SET &UC4RB_LOGGING_PARAMETER_VAL# = &UC4RB_CONJUR_VARIABLE#
: INC PCK.ITPA_SHARED.PRV.INCLUDE.LOGGING.PARAM

: SET &UC4RB_LOGGING_PARAMETER# = "Version "
: SET &UC4RB_LOGGING_PARAMETER_VAL# = &UC4RB_CONJUR_VERSION#
: INC PCK.ITPA_SHARED.PRV.INCLUDE.LOGGING.PARAM

: SET &UC4RB_LOGGING_PARAMETER# = "Encrypt "
: SET &UC4RB_LOGGING_PARAMETER_VAL# = &UC4RB_CONJUR_ENCRYPT#
: INC PCK.ITPA_SHARED.PRV.INCLUDE.LOGGING.PARAM

!-----------------------------Retrieve Token---------------------------
!Escape action Inputs
:SET &UC4RB_ESCAPED_STRING# = &UC4RB_CONJUR_VARIABLE#
:INC PCK.AUTOMIC_CYBERARK_CONJUR.PUB.INCLUDE.ESCAPE_ARG_VALUE@UNIX
:SET &UC4RB_CONJUR_VARIABLE# =  &UC4RB_ESCAPED_STRING#

!Version
:SET &VERSION# = ""
:IF &UC4RB_CONJUR_VERSION# <> ""
:  SET &UC4RB_ESCAPED_STRING# = &UC4RB_CONJUR_VERSION#
:  INC PCK.AUTOMIC_CYBERARK_CONJUR.PUB.INCLUDE.ESCAPE_ARG_VALUE@UNIX
:  SET &VERSION# = STR_CAT("-v ",&UC4RB_ESCAPED_STRING#)
:ENDIF

!Conjur login
:INC PCK.AUTOMIC_CYBERARK_CONJUR.PUB.INCLUDE.HANDLE_CONJUR_CONNECTION

!Retrieve Secret
:SET &UC4RB_SECRET_CMD# = conjur variable value &VERSION# &UC4RB_CONJUR_VARIABLE#
echo "Retrieve Secret command: &UC4RB_SECRET_CMD#"
secret=$(&UC4RB_SECRET_CMD#)
:INCLUDE PCK.ITPA_SHARED.PRV.INCLUDE.CHECK_SHELL_CMD@UNIX

!Encrypt Secret
:IF &UC4RB_CONJUR_ENCRYPT# <> 'YES'
     echo "UC4RB_SECRET_VALUE::=" $secret
:ELSE
:    SET &ENCRYPT_COMMAND# = 'java -jar "&$AGENT_RESOURCES_CLIENT#itpa-tool.jar" ARB -cmd cipher encrypt $secret'
     UC4_ENCRYPTED_PWD=`&ENCRYPT_COMMAND# | grep "^Encrypted: " | sed 's/^Encrypted: //'`
:    INCLUDE PCK.ITPA_SHARED.PRV.INCLUDE.CHECK_SHELL_CMD@UNIX
     echo "UC4RB_SECRET_VALUE::=" $UC4_ENCRYPTED_PWD
:ENDIF

echo
!------------------------------------------ Error Handling --------------------------------------------------------------------------------------------------------
! Status messages
: SET &UC4RB_LOGGING_INFO# = "******** CONJUR SECRET RETRIEVED SUCCESSFULLY ********"
: SET &UC4RB_LOGGING_ERROR# = "******** CONJUR SECRET RETRIEVE FAILED ********"

!------------------------------------------ Error Handling -----------------------------------------------------------------------------------------------------
:INC PCK.AUTOMIC_CYBERARK_CONJUR.PUB.INCLUDE.CHECK_JOBSTATUS@UNIX
: INC PCK.ITPA_SHARED.PUB.INCLUDE.SUDOERS_FOOTER]]></MSCRI>
</SCRIPT>
<OUTPUTSCAN state="1">
<Inherit>N</Inherit>
<filterobjects/>
<HostFsc/>
<LoginFsc/>
</OUTPUTSCAN>
<POST_SCRIPT mode="1" replacementmode="1" state="1">
<OSCRI><![CDATA[:SET &STATUS# = GET_UC_OBJECT_STATUS(,,"RETCODE")
:SET &UC4RB_CONJUR_SECRET# = ""

:IF &STATUS# EQ 0
:    SET &HND# = PREP_PROCESS_REPORT("JOBS",, "REP","*UC4RB_SECRET_VALUE*","COL=DELIMITER", 'DELIMITER=*::=*')
:    PROCESS &HND#
:      SET &KEY# = GET_PROCESS_LINE(&HND#,1)
:      SET &VALUE# = GET_PROCESS_LINE(&HND#,2)
:      IF &KEY# = "UC4RB_SECRET_VALUE"
:        SET &UC4RB_CONJUR_SECRET# = &VALUE#
:      TERM_PROCESS
:      ENDIF
:    ENDPROCESS
:    CLOSE_PROCESS &HND#
:ENDIF

:PUBLISH &UC4RB_CONJUR_SECRET#,,WORKFLOW

:INC PCK.AUTOMIC_CYBERARK_CONJUR.PUB.INCLUDE.DELETE_TMP_FILE]]></OSCRI>
</POST_SCRIPT>
<DOCU_Docu state="1" type="text">
<DOC/>
</DOCU_Docu>
</JOBS_UNIX>
<PRPT name="PCK.AUTOMIC_CYBERARK_CONJUR.PRV.PROMPTSET.RETRIEVE_SECRET">
<HEADER state="1">
<Title>Retrieve Secret Parameters</Title>
<ArchiveKey1/>
<ArchiveKey2/>
<OH_SubType/>
</HEADER>
<PROMPTDESIGNER state="1">
<DESIGNER/>
</PROMPTDESIGNER>
<PROMPTSETXUI state="1">
<XUIEDITOR><![CDATA[<dialog height="424" icon="PRPT" id="PRPTS" left="279" top="4" width="441"><readpanel fill="b" id="PRPTBOX" nl="1" scroll="v" text="Retrieve Secret"><properties><entry name="text">Retrieve Secret</entry><entry name="modifiable">0</entry></properties><text alt="1" enabled="1" fill="b" focus="0" id="UC4RB_CONJUR_VARIABLEs.00" inputassistance="0" len="" multiline="0" multilineIcon="0" nl="1" regex="" separator=";" showaspassword="0" text="Variable ID" tooltip="Provide identifier of the variable which hold the secret. E.g. db/password" upper="0" required="0"><oninputassistant><command request="_internal" target="_view" targetaction="setAttribute" targetparam="promptname|@id"/><command request="_internal" target="_view" targetaction="setAttribute" targetparam="promptvalue|@value"/><command owner="_promptsetcontainer" owneraction="getData" request="getpromptinputassistance" target="_chainwindow"/></oninputassistant><properties><entry listparam="C" name="reference" reftype="STATIC">UC_DATATYPE_STRING</entry><entry name="text">Variable ID</entry><entry name="multiselect">0</entry><entry name="separator">;</entry><entry name="len"/><entry name="quotes"/><entry name="id">UC4RB_CONJUR_VARIABLEs.00</entry><entry name="inputassistance">0</entry><entry name="enabled">0</entry><entry name="upper">0</entry><entry name="focus">0</entry><entry name="showaspassword">0</entry><entry name="tooltip">Provide identifier of the variable which hold the secret. E.g. db/password</entry><entry name="customfield"/><entry name="xmlkey"/><entry name="xmlpath"/><entry name="modifiable">1</entry><entry name="multiline">0</entry><entry name="multilineIcon">0</entry><entry name="regex"/><entry name="required">1</entry><entry name="initvalue"/><entry name="onchangereset"/><entry name="resetable">1</entry></properties></text><text alt="1" enabled="1" fill="b" focus="0" id="UC4RB_CONJUR_VERSIONs.00" inputassistance="0" len="" multiline="0" multilineIcon="0" nl="1" regex="" required="0" separator=";" showaspassword="0" text="Version" tooltip="Specify secret version you want to retrieve. Conjur keeps the last 20 versions of a secret. Latest version is retrieved by default. E.g. 5" upper="0"><oninputassistant><command request="_internal" target="_view" targetaction="setAttribute" targetparam="promptname|@id"/><command request="_internal" target="_view" targetaction="setAttribute" targetparam="promptvalue|@value"/><command owner="_promptsetcontainer" owneraction="getData" request="getpromptinputassistance" target="_chainwindow"/></oninputassistant><properties><entry listparam="C" name="reference" reftype="STATIC">UC_DATATYPE_STRING</entry><entry name="text">Version</entry><entry name="multiselect">0</entry><entry name="separator">;</entry><entry name="len"/><entry name="quotes"/><entry name="id">UC4RB_CONJUR_VERSIONs.00</entry><entry name="inputassistance">0</entry><entry name="enabled">0</entry><entry name="upper">0</entry><entry name="focus">0</entry><entry name="showaspassword">0</entry><entry name="tooltip">Specify secret version you want to retrieve. Conjur keeps the last 20 versions of a secret. Latest version is retrieved by default. E.g. 5</entry><entry name="customfield"/><entry name="xmlkey"/><entry name="xmlpath"/><entry name="modifiable">1</entry><entry name="multiline">0</entry><entry name="multilineIcon">0</entry><entry name="regex"/><entry name="required">0</entry><entry name="initvalue"/><entry name="onchangereset"/><entry name="resetable">1</entry></properties></text><dynradiogroup alt="1" enabled="1" fill="b" focus="0" id="UC4RB_CONJUR_ENCRYPTs.00" nl="1" quotes="" text="Encrypt" tooltip="Specify whether if retrieved secret should be kept as clear text or should be encrypted in CDA for its security." required="0"><properties><entry listparam="C" name="reference" reftype="STATIC">PCK.ITPA_SHARED.PRV.VARA.YES_NO</entry><entry name="text">Encrypt</entry><entry name="quotes"/><entry name="id">UC4RB_CONJUR_ENCRYPTs.00</entry><entry name="enabled">0</entry><entry name="focus">0</entry><entry name="tooltip">Specify whether if retrieved secret should be kept as clear text or should be encrypted in CDA for its security.</entry><entry name="customfield"/><entry name="modifiable">1</entry><entry name="xmlkey"/><entry name="xmlpath"/><entry name="initvalue"/></properties></dynradiogroup></readpanel></dialog>]]></XUIEDITOR>
</PROMPTSETXUI>
<PROMPTSETDATA state="1">
<DATAEDITOR><![CDATA[<PRPTS ontop="1"><PRPTBOX><UC4RB_CONJUR_VARIABLEs.00 haslist="0" msgnr="-1" msginsert="" altview="0" promptname="UC4RB_CONJUR_VARIABLE#" ReadFromTable="OPSE"></UC4RB_CONJUR_VARIABLEs.00><UC4RB_CONJUR_VERSIONs.00 haslist="0" msgnr="-1" msginsert="" altview="0" promptname="UC4RB_CONJUR_VERSION#" ReadFromTable="OPSE"></UC4RB_CONJUR_VERSIONs.00><UC4RB_CONJUR_ENCRYPTs.00 haslist="0" msgnr="-1" msginsert="" altview="0" promptname="UC4RB_CONJUR_ENCRYPT#" ReadFromTable="OPSE">YES</UC4RB_CONJUR_ENCRYPTs.00></PRPTBOX></PRPTS>]]></DATAEDITOR>
</PROMPTSETDATA>
<DOCU_Docu state="1" type="text">
<DOC/>
</DOCU_Docu>
</PRPT>
<JOBI name="PCK.AUTOMIC_CYBERARK_CONJUR.PUB.INCLUDE.CHECK_JOBSTATUS@UNIX">
<HEADER state="1">
<Title>Check Job Status Unix</Title>
<ArchiveKey1/>
<ArchiveKey2/>
<OH_SubType/>
</HEADER>
<SCRIPT mode="1" state="1">
<MSCRI><![CDATA[!Error handling
execcode=$?
if [ $execcode -eq 0 ]
then
:  INC PCK.ITPA_SHARED.PRV.INCLUDE.LOGGING.INFO
else
:  INC PCK.ITPA_SHARED.PRV.INCLUDE.LOGGING.ERROR
fi
if [ "$execcode" -ne "0" ]
then
    exit $execcode
fi]]></MSCRI>
</SCRIPT>
<DOCU_Docu state="1" type="text">
<DOC/>
</DOCU_Docu>
</JOBI>
<JOBI name="PCK.AUTOMIC_CYBERARK_CONJUR.PUB.INCLUDE.DELETE_TMP_FILE">
<HEADER state="1">
<Title>Delete Temporary file</Title>
<ArchiveKey1/>
<ArchiveKey2/>
<OH_SubType/>
</HEADER>
<SCRIPT mode="1" state="1">
<MSCRI><![CDATA[:  PUT_PROMPT_BUFFER AGENT# = &AGENT#
:  PUT_PROMPT_BUFFER LOGIN# = &LOGIN#
:  PUT_PROMPT_BUFFER  UC4RB_DIR_FILE_RM_FAIL# = "YES"
:  PUT_PROMPT_BUFFER UC4RB_DIR_FILE_RM_NAME# = &TEMP_DIR#
:  SET &UC4RB_FILE_OBJ# = "PCK.AUTOMIC_FILESYSTEM.PUB.ACTION.DELETE"
:  P "Delete temporary file &TEMP_DIR# using &UC4RB_FILE_OBJ#"
:  SET &ACTOBJ# = ACTIVATE_UC_OBJECT(&UC4RB_FILE_OBJ#,WAIT)
:  IF &ACTOBJ# = "0"
:    SET &ERRNR# = SYS_LAST_ERR_NR()
:    SET &ERRINS#  = SYS_LAST_ERR_INS()
:    SET &MESSAGE# = GET_MSG_TXT(&ERRNR#,&ERRINS#)
:    PRINT "Error while activating &UC4RB_FILE_OBJ# object :&MESSAGE#"
:  ELSE
:    SET &STATUS# = GET_UC_OBJECT_STATUS(,&ACTOBJ#,"RETCODE")
:    P "DELETING TEMP FILE &TEMP_DIR# STATUS: &STATUS#"
:    IF &STATUS# <> "0"
:      PRINT "Error while deleting &TEMP_DIR# file"
:    ENDIF
:  ENDIF]]></MSCRI>
</SCRIPT>
<DOCU_Docu state="1" type="text">
<DOC/>
</DOCU_Docu>
</JOBI>
<JOBI name="PCK.AUTOMIC_CYBERARK_CONJUR.PUB.INCLUDE.ESCAPE_ARG_VALUE@UNIX">
<HEADER state="1">
<Title>Escape Arguments</Title>
<ArchiveKey1/>
<ArchiveKey2/>
<OH_SubType/>
</HEADER>
<SCRIPT mode="1" state="1">
<MSCRI><![CDATA[! We escape characters based on Platform for java Strings

! Removes empty spaces at the beginning and the end of a string
: SET &UC4RB_ESCAPED_STRING# = STR_TRIM(&UC4RB_ESCAPED_STRING#)

: SET &UC4RB_ESCAPED_STRING# = STR_SUB(&UC4RB_ESCAPED_STRING#, "\", "\\")
: SET &UC4RB_ESCAPED_STRING# = STR_SUB(&UC4RB_ESCAPED_STRING#, "$", "\$")
: SET &UC4RB_ESCAPED_STRING# = STR_SUB(&UC4RB_ESCAPED_STRING#, "`", "\`")

! Escape double-quotes
: SET &UC4RB_ESCAPED_STRING# = STR_SUB(&UC4RB_ESCAPED_STRING#, '"', '\"')

! then we add double-quotes to String to preserve spaces in value
: SET &UC4RB_ESCAPED_STRING# = STR_CAT('"', &UC4RB_ESCAPED_STRING#)
: SET &UC4RB_ESCAPED_STRING# = STR_CAT(&UC4RB_ESCAPED_STRING#, '"')]]></MSCRI>
</SCRIPT>
<DOCU_Docu state="1" type="text">
<DOC/>
</DOCU_Docu>
</JOBI>
<JOBI name="PCK.AUTOMIC_CYBERARK_CONJUR.PUB.INCLUDE.HANDLE_CONJUR_CONNECTION">
<HEADER state="1">
<Title>Handle Conur Login</Title>
<ArchiveKey1/>
<ArchiveKey2/>
<OH_SubType/>
</HEADER>
<SCRIPT mode="1" state="1">
<MSCRI><![CDATA[!Escape arguments
:SET &UC4RB_ESCAPED_STRING# = &UC4RB_CONJUR_URL#
:INC PCK.AUTOMIC_CYBERARK_CONJUR.PUB.INCLUDE.ESCAPE_ARG_VALUE@UNIX
:SET &UC4RB_CONJUR_URL# =  &UC4RB_ESCAPED_STRING#

:SET &UC4RB_ESCAPED_STRING# = &UC4RB_CONJUR_USERNAME#
:INC PCK.AUTOMIC_CYBERARK_CONJUR.PUB.INCLUDE.ESCAPE_ARG_VALUE@UNIX
:SET &UC4RB_CONJUR_USERNAME# =  &UC4RB_ESCAPED_STRING#

:SET &UC4RB_ESCAPED_STRING# = &UC4RB_CONJUR_ACCOUNT#
:INC PCK.AUTOMIC_CYBERARK_CONJUR.PUB.INCLUDE.ESCAPE_ARG_VALUE@UNIX
:SET &UC4RB_CONJUR_ACCOUNT# =  &UC4RB_ESCAPED_STRING#

!Create Temp Directory
:SET &AGENT_TEMPDIR# = GET_VAR('UC_EX_PATH_TEMP', &AGENT#)
:SET &TEMP_DIR# = STR_CAT(&AGENT_TEMPDIR#,"&$RUNID#")

!Escape Temp Directory
:SET &UC4RB_ESCAPED_STRING# = &TEMP_DIR#
:INC PCK.AUTOMIC_CYBERARK_CONJUR.PUB.INCLUDE.ESCAPE_ARG_VALUE@UNIX
:SET &TEMP_DIR# =  &UC4RB_ESCAPED_STRING#

mkdir &TEMP_DIR#
:INCLUDE PCK.ITPA_SHARED.PRV.INCLUDE.CHECK_SHELL_CMD@UNIX
:PUBLISH &TEMP_DIR#,,TASK

!Password Decryption
:INC PCK.ITPA_SHARED.PUB.INCLUDE.ATTACH
:SET &UC4RB_ENCRYPTED_PASSWORD_TMP# = "&UC4RB_CONJUR_PASSWORD#"
:INC PCK.ITPA_SHARED.PRV.INCLUDE.DECRYPT_PASSWORD

!set enviroment variables
export HOME=&TEMP_DIR#
export CONJURRC=$HOME/./.conjurrc
echo

!Initialize conjur
:SET &INIT_CMD# = "conjur init -u &UC4RB_CONJUR_URL# -a &UC4RB_CONJUR_ACCOUNT#"
echo "Conjur Initialization Command: &INIT_CMD#"
echo "yes" | &INIT_CMD#
:INCLUDE PCK.ITPA_SHARED.PRV.INCLUDE.CHECK_SHELL_CMD@UNIX
echo

!Cnojur login
:SET &LOGIN_CMD# = "conjur authn login -u &UC4RB_CONJUR_USERNAME# "
echo "Conjur Login Command: &LOGIN_CMD#"
&LOGIN_CMD# -p $UC4_DECRYPTED_PWD
:INCLUDE PCK.ITPA_SHARED.PRV.INCLUDE.CHECK_SHELL_CMD@UNIX
echo]]></MSCRI>
</SCRIPT>
<DOCU_Docu state="1" type="text">
<DOC/>
</DOCU_Docu>
</JOBI>
<PRPT name="PCK.AUTOMIC_CYBERARK_CONJUR.PUB.PRPT.CONJUR_CONN_DETAILS">
<HEADER state="1">
<Title>Conjur Connection Details</Title>
<ArchiveKey1/>
<ArchiveKey2/>
<OH_SubType/>
</HEADER>
<PROMPTDESIGNER state="1">
<DESIGNER/>
</PROMPTDESIGNER>
<PROMPTSETXUI state="1">
<XUIEDITOR><![CDATA[<dialog height="506" icon="PRPT" id="PRPTS" left="279" top="4" width="420"><readpanel fill="b" id="PRPTBOX" nl="1" scroll="v" text="Conjur Connection Details"><properties><entry name="text">Conjur Connection Details</entry><entry name="modifiable">0</entry></properties><text alt="1" enabled="1" fill="b" focus="0" id="UC4RB_CONJUR_URLs.00" inputassistance="0" len="" multiline="0" multilineIcon="0" nl="1" regex="" separator=";" showaspassword="0" text="Service URL" tooltip="Provide the URL of your Conjur service. E.g. https://eval.conjur.org/" upper="0" required="0"><oninputassistant><command request="_internal" target="_view" targetaction="setAttribute" targetparam="promptname|@id"/><command request="_internal" target="_view" targetaction="setAttribute" targetparam="promptvalue|@value"/><command owner="_promptsetcontainer" owneraction="getData" request="getpromptinputassistance" target="_chainwindow"/></oninputassistant><properties><entry listparam="C" name="reference" reftype="STATIC">UC_DATATYPE_STRING</entry><entry name="text">Service URL</entry><entry name="multiselect">0</entry><entry name="separator">;</entry><entry name="len"/><entry name="quotes"/><entry name="id">UC4RB_CONJUR_URLs.00</entry><entry name="inputassistance">0</entry><entry name="enabled">0</entry><entry name="upper">0</entry><entry name="focus">0</entry><entry name="showaspassword">0</entry><entry name="tooltip">Provide the URL of your Conjur service. E.g. https://eval.conjur.org/</entry><entry name="customfield"/><entry name="xmlkey"/><entry name="xmlpath"/><entry name="modifiable">1</entry><entry name="multiline">0</entry><entry name="multilineIcon">0</entry><entry name="regex"/><entry name="required">1</entry><entry name="initvalue"/><entry name="onchangereset"/><entry name="resetable">1</entry></properties></text><text alt="1" enabled="1" fill="b" focus="0" id="UC4RB_CONJUR_ACCOUNTs.00" inputassistance="0" len="" multiline="0" multilineIcon="0" nl="1" regex="" separator=";" showaspassword="0" text="Account" tooltip="Provide organization account name which contains variable. E.g. broadcom" upper="0" required="0"><oninputassistant><command request="_internal" target="_view" targetaction="setAttribute" targetparam="promptname|@id"/><command request="_internal" target="_view" targetaction="setAttribute" targetparam="promptvalue|@value"/><command owner="_promptsetcontainer" owneraction="getData" request="getpromptinputassistance" target="_chainwindow"/></oninputassistant><properties><entry listparam="C" name="reference" reftype="STATIC">UC_DATATYPE_STRING</entry><entry name="text">Account</entry><entry name="multiselect">0</entry><entry name="separator">;</entry><entry name="len"/><entry name="quotes"/><entry name="id">UC4RB_CONJUR_ACCOUNTs.00</entry><entry name="inputassistance">0</entry><entry name="enabled">0</entry><entry name="upper">0</entry><entry name="focus">0</entry><entry name="showaspassword">0</entry><entry name="tooltip">Provide organization account name which contains variable. E.g. broadcom</entry><entry name="customfield"/><entry name="xmlkey"/><entry name="xmlpath"/><entry name="modifiable">1</entry><entry name="multiline">0</entry><entry name="multilineIcon">0</entry><entry name="regex"/><entry name="required">1</entry><entry name="initvalue"/><entry name="onchangereset"/><entry name="resetable">1</entry></properties></text><text enabled="1" fill="b" focus="0" id="UC4RB_CONJUR_USERNAMEs.00" inputassistance="0" len="" multiline="0" multilineIcon="0" nl="1" separator=";" showaspassword="0" text="Username" tooltip="Provide username to authenticate. E.g. admin" upper="0" required="0" alt="1" regex=""><oninputassistant><command request="_internal" target="_view" targetaction="setAttribute" targetparam="promptname|@id"/><command request="_internal" target="_view" targetaction="setAttribute" targetparam="promptvalue|@value"/><command owner="_promptsetcontainer" owneraction="getData" request="getpromptinputassistance" target="_chainwindow"/></oninputassistant><properties><entry listparam="C" name="reference" reftype="STATIC">UC_DATATYPE_STRING</entry><entry name="text">Username</entry><entry name="multiselect">0</entry><entry name="separator">;</entry><entry name="len"/><entry name="quotes"/><entry name="id">UC4RB_CONJUR_USERNAMEs.00</entry><entry name="inputassistance">0</entry><entry name="enabled">0</entry><entry name="upper">0</entry><entry name="focus">0</entry><entry name="showaspassword">0</entry><entry name="tooltip">Provide username to authenticate. E.g. admin</entry><entry name="customfield"/><entry name="xmlkey"/><entry name="xmlpath"/><entry name="modifiable">1</entry><entry name="multiline">0</entry><entry name="multilineIcon">0</entry><entry name="required">1</entry><entry name="regex"/><entry name="initvalue"/><entry name="onchangereset"/><entry name="resetable">1</entry></properties></text><text enabled="1" fill="b" focus="0" id="UC4RB_CONJUR_PASSWORDs.00" inputassistance="0" len="" multiline="0" multilineIcon="0" nl="1" separator=";" showaspassword="1" text="Password" tooltip="Provide password to authenticate." upper="0" required="0" alt="1" regex=""><oninputassistant><command request="_internal" target="_view" targetaction="setAttribute" targetparam="promptname|@id"/><command request="_internal" target="_view" targetaction="setAttribute" targetparam="promptvalue|@value"/><command owner="_promptsetcontainer" owneraction="getData" request="getpromptinputassistance" target="_chainwindow"/></oninputassistant><properties><entry listparam="C" name="reference" reftype="STATIC">UC_DATATYPE_STRING</entry><entry name="text">Password</entry><entry name="multiselect">0</entry><entry name="separator">;</entry><entry name="len"/><entry name="quotes"/><entry name="id">UC4RB_CONJUR_PASSWORDs.00</entry><entry name="inputassistance">0</entry><entry name="enabled">0</entry><entry name="upper">0</entry><entry name="focus">0</entry><entry name="showaspassword">1</entry><entry name="tooltip">Provide password to authenticate.</entry><entry name="customfield"/><entry name="xmlkey"/><entry name="xmlpath"/><entry name="modifiable">1</entry><entry name="multiline">0</entry><entry name="multilineIcon">0</entry><entry name="required">1</entry><entry name="regex"/><entry name="initvalue"/><entry name="onchangereset"/><entry name="resetable">1</entry></properties></text></readpanel></dialog>]]></XUIEDITOR>
</PROMPTSETXUI>
<PROMPTSETDATA state="1">
<DATAEDITOR><![CDATA[<PRPTS ontop="1"><PRPTBOX><UC4RB_CONJUR_URLs.00 haslist="0" msgnr="-1" msginsert="" altview="0" promptname="UC4RB_CONJUR_URL#" ReadFromTable="OPSE"></UC4RB_CONJUR_URLs.00><UC4RB_CONJUR_ACCOUNTs.00 haslist="0" msgnr="-1" msginsert="" altview="0" promptname="UC4RB_CONJUR_ACCOUNT#" ReadFromTable="OPSE"></UC4RB_CONJUR_ACCOUNTs.00><UC4RB_CONJUR_USERNAMEs.00 haslist="0" msgnr="-1" msginsert="" altview="0" promptname="UC4RB_CONJUR_USERNAME#" ReadFromTable="OPSE"></UC4RB_CONJUR_USERNAMEs.00><UC4RB_CONJUR_PASSWORDs.00 haslist="0" msgnr="-1" msginsert="" altview="0" promptname="UC4RB_CONJUR_PASSWORD#" ReadFromTable="OPSE">--10</UC4RB_CONJUR_PASSWORDs.00></PRPTBOX></PRPTS>]]></DATAEDITOR>
</PROMPTSETDATA>
<DOCU_Docu state="1" type="text">
<DOC/>
</DOCU_Docu>
</PRPT>
</uc-export>